id,step,recipe_id
1,Шаг 1 Луковицу почистите и разрежьте пополам. Выложите срезом вниз на сухую разогретую сковороду и немного подпеките лук.,1
2,"Шаг 2 Растопите сливочное масло в ковшике. Добавьте муку и жарьте до золотистого цвета, помешивая.",1
3,"Шаг 3 Налейте сливки и положите печёный лук и чёрный молотый перец. Перемешайте, чтобы не было комочков. Готовьте до загустения, периодически помешивая. Снимите соус с плиты и дайте ему постоять с луком минут 20-30. Затем достаньте лук и выбросьте.",1
4,"Шаг 4 Нарежьте филе курицы небольшими кусочками, грибы — слайсами. Разогрейте сковороду с растительным маслом, выложите филе, быстро обжарьте. Добавьте грибы, посолите и обжарьте до золотистой корочки, периодически помешивая.",1
5,"Шаг 5 Натрите сыр на крупной тёрке. Разложите курицу с грибами по кокотницам, залейте соусом, посыпьте тёртым сыром. Запекайте в разогретой до 180 ℃ духовке в течение примерно 15 минут. При подаче украсьте свежим базиликом.",1
6,Шаг 1 Луковицу почистите и разрежьте пополам. Выложите срезом вниз на сухую разогретую сковороду и немного подпеките лук.,2
7,"Шаг 2 Растопите сливочное масло в ковшике. Добавьте муку и жарьте до золотистого цвета, помешивая.",2
8,"Шаг 3 Налейте сливки и положите печёный лук и чёрный молотый перец. Перемешайте, чтобы не было комочков. Готовьте до загустения, периодически помешивая. Снимите соус с плиты и дайте ему постоять с луком минут 20-30. Затем достаньте лук и выбросьте.",2
9,"Шаг 4 Нарежьте филе курицы небольшими кусочками, грибы — слайсами. Разогрейте сковороду с растительным маслом, выложите филе, быстро обжарьте. Добавьте грибы, посолите и обжарьте до золотистой корочки, периодически помешивая.",2
10,"Шаг 5 Натрите сыр на крупной тёрке. Разложите курицу с грибами по кокотницам, залейте соусом, посыпьте тёртым сыром. Запекайте в разогретой до 180 ℃ духовке в течение примерно 15 минут. При подаче украсьте свежим базиликом.",2
11,Шаг 1 Овсяные хлопья залейте молоком.,3
12,"Шаг 2 Добавьте мёд, перемешайте, переложите в банку и оставьте на ночь в холодильнике.",3
13,"Шаг 3 Орехи нарежьте крупно, манго — кубиками.",3
14,"Шаг 4 Украсьте овсянку орехами и манго, по желанию полейте сверху небольшим количеством мёда.",3
15,"Шаг 1 Гречку хорошо промойте, залейте холодной водой в соотношении 1:2, посолите и отварите до готовности.",4
16,"Шаг 2 Лук почистите, нарежьте кубиками. Разогрейте сковороду с маслом, выложите лук и обжаривайте до прозрачности 5-7 минут.",4
17,"Шаг 3 Шампиньоны нарежьте пластинами и добавьте к луку. Насыпьте кориандр, посолите, поперчите по вкусу. Обжаривайте всё вместе 10-15 минут, периодически помешивая.",4
18,"Шаг 4 Выложите гречку к грибам. Перемешайте, прогрейте всё вместе ещё раз.",4
19,"Шаг 1 Гречку хорошо промойте, залейте холодной водой в соотношении 1:2, посолите и отварите до готовности.",5
20,"Шаг 2 Лук почистите, нарежьте кубиками. Разогрейте сковороду с маслом, выложите лук и обжаривайте до прозрачности 5-7 минут.",5
21,"Шаг 3 Шампиньоны нарежьте пластинами и добавьте к луку. Насыпьте кориандр, посолите, поперчите по вкусу. Обжаривайте всё вместе 10-15 минут, периодически помешивая.",5
22,"Шаг 4 Выложите гречку к грибам. Перемешайте, прогрейте всё вместе ещё раз.",5
23,"Шаг 1 Грибы нарежьте тонкими ломтиками. Разогрейте сковороду с растительным маслом и обжарьте грибы до золотистого цвета, периодически помешивая.",6
24,"Шаг 2 Добавьте фарш, тщательно перемешайте. Обжарьте всё вместе до выпаривания влаги и рассыпчатости фарша. Посолите, поперчите.",6
25,"Шаг 3 Макароны отварите в течение 5 минут в кипящей воде, слейте воду.",6
26,"Шаг 4 Смешайте яйца с молоком, посолите, поперчите. Добавьте мелко нарезанный чеснок. Перемешайте.",6
27,"Шаг 5 Выложите в форму для запекания половину фарша, затем половину макарон, оставшийся фарш и оставшиеся макароны.",6
28,Шаг 6 Залейте макароны с фаршем молочно-яичным соусом.,6
29,"Шаг 7 Посыпьте тёртым сыром. Запекайте в разогретой до 160 ℃ духовке в течение 20-30 минут, накрыв фольгой, до готовности.",6
30,"Шаг 1 Грибы нарежьте тонкими ломтиками. Разогрейте сковороду с растительным маслом и обжарьте грибы до золотистого цвета, периодически помешивая.",7
31,"Шаг 2 Добавьте фарш, тщательно перемешайте. Обжарьте всё вместе до выпаривания влаги и рассыпчатости фарша. Посолите, поперчите.",7
32,"Шаг 3 Макароны отварите в течение 5 минут в кипящей воде, слейте воду.",7
33,"Шаг 4 Смешайте яйца с молоком, посолите, поперчите. Добавьте мелко нарезанный чеснок. Перемешайте.",7
34,"Шаг 5 Выложите в форму для запекания половину фарша, затем половину макарон, оставшийся фарш и оставшиеся макароны.",7
35,Шаг 6 Залейте макароны с фаршем молочно-яичным соусом.,7
36,"Шаг 7 Посыпьте тёртым сыром. Запекайте в разогретой до 160 ℃ духовке в течение 20-30 минут, накрыв фольгой, до готовности.",7
37,"Шаг 1 Овощи помойте и почистите. Морковь и лук нарежьте кубиками среднего размера, чеснок — крупно.",8
38,"Шаг 2 Разогрейте в кастрюле 2 ст. ложки растительного масла. Выложите в неё морковь, лук и чеснок и обжаривайте, периодически помешивая, 3-5 минут.",8
39,Шаг 3 Нарежьте куриное филе кусочками среднего размера.,8
40,"Шаг 4 Положите филе в кастрюлю и готовьте, периодически помешивая, на среднем огне 7-8 минут. В конце посолите.",8
41,"Шаг 5 Картофель нарежьте кубиками среднего размера. Грибы очистите, промойте и нарежьте пластинами.",8
42,"Шаг 6 Положите картофель и грибы в кастрюлю с курицей и овощами, добавьте 2 лавровых листа и несколько горошин душистого перца. Залейте водой так, чтобы общий объём супа стал 3 л. Доведите до кипения и варите примерно 30 минут до размягчения овощей.",8
43,"Шаг 7 Добавьте плавленый сыр, разотрите о бортики кастрюли, чтобы расплавился, и прогрейте всё вместе.",8
44,Шаг 8 В конце добавьте рубленую петрушку.,8
45,"Шаг 1 Взбейте яйца с сахаром до пышности, влейте масло.",9
46,Шаг 2 Добавьте молоко и все сухие ингредиенты. Тщательно вымесите тесто.,9
47,Шаг 3 Добавьте нарубленный шоколад . Перемешайте.,9
48,"Шаг 4 Распределите тесто по формам, заполнив их на ⅔.",9
49,Шаг 5 Выпекайте в разогретой до 180 °С духовке в течение 20 минут. Готовность проверяйте по сухой шпажке.,9
50,Шаг 1 Застелите противень бумагой для выпечки. Выложите ломтики хлеба и насыпьте орешки. Запекайте в разогретой до 180 ℃ духовке в течение 10 минут.,10
51,"Шаг 2 Затем достаньте орешки, а хлеб продолжайте запекайте до полного высыхания.",10
52,"Шаг 3 Налейте в стакан горячую воду (температура 60–70 ℃). Высыпьте туда желатин и смешайте блендером до полного растворения желатина, в пену.",10
53,Шаг 4 Вылейте в стакан всю ряженку и хорошо перемешайте блендером до однородности.,10
54,Шаг 5 Разлейте по стаканам и уберите в холодильник минимум на час,10
55,Шаг 6 Высушенный хлеб поломайте на кусочки и положите в чашу блендера. Добавьте оливковое масло и измельчите в крошку.,10
56,"Шаг 7 На застывшую ряженку в стаканах выложите немного клюквы с сахаром, присыпьте орешками и бородинским хлебом.",10
57,Шаг 8 Сверху украсьте листиками мяты.,10
58,"Шаг 1 Кокосовое молоко разбавьте 30 мл теплой воды, смешайте с чиа и оставьте на час.",11
59,"Шаг 2 В прозрачные стаканы выложите слоями манговое пюре, творог, чиа, последним слоем манговое пюре, украсьте свежей малиной.",11
60,"Шаг 1 Кокосовое молоко разбавьте 30 мл теплой воды, смешайте с чиа и оставьте на час.",12
61,"Шаг 2 В прозрачные стаканы выложите слоями манговое пюре, творог, чиа, последним слоем манговое пюре, украсьте свежей малиной.",12
62,"Шаг 1 Нарежьте и отбейте мясо и выложите в форму, смазанную растительным маслом.",13
63,"Шаг 2 Смешайте сметану, измельчённый чеснок,зелень и 100 г сыра, натёртого на крупной тёрке.",13
64,Шаг 3 Смажьте соусом мясо.,13
65,Шаг 4 Нарежьте помидоры кружками и выложите поверх соуса.,13
66,"Шаг 5 Натрите оставшийся сыр, посыпьте блюдо.",13
67,Шаг 6 Выпекайте в разогретой до 180 °С духовке 40-45 минут.,13
68,"Шаг 1 Нарежьте и отбейте мясо и выложите в форму, смазанную растительным маслом.",14
69,"Шаг 2 Смешайте сметану, измельчённый чеснок,зелень и 100 г сыра, натёртого на крупной тёрке.",14
70,Шаг 3 Смажьте соусом мясо.,14
71,Шаг 4 Нарежьте помидоры кружками и выложите поверх соуса.,14
72,"Шаг 5 Натрите оставшийся сыр, посыпьте блюдо.",14
73,Шаг 6 Выпекайте в разогретой до 180 °С духовке 40-45 минут.,14
74,"Шаг 1 Если используете замороженные стейки форели, разморозьте их. Брокколи помойте, разберите на соцветия. Выложите в миску.",15
75,Шаг 2 Лук натрите на мелкой тёрке добавьте к брокколи.,15
76,"Шаг 3 Насыпьте чёрный молотый перец, соль, оливковое масло, хорошо перемешайте.",15
77,"Шаг 4 Застелите противень пергаментом, выложите подготовленные соцветия брокколи и стейки форели.",15
78,"Шаг 5 Сделайте масляный соус: в миску налейте 1 ст. л. оливкового масла, добавьте 2/3 ч. л. соли, 1/6 ч. л. молотого перца, перемешайте.",15
79,Шаг 6 Смажьте стейки форели подготовленным масляным соусом. Запекайте в разогретой до 180 ℃ духовке 10 минут.,15
80,"Шаг 7 Пока запекаются рыба и брокколи, сделайте глазурь. Натрите цедру лимона на мелкой тёрке в мисочку. Всыпьте чёрный перец, оливковое масло.",15
81,"Шаг 8 Добавьте орегано, 1/3 ч. л. соли, жареный лук, соевый соус и смешайте всё.",15
82,Шаг 9 Смажьте запечённую рыбу глазурью и запекайте ещё 4-5 минут при 180 ℃.,15
83,Шаг 10 Подавайте форель с брокколи и жареным луком.,15
84,"Шаг 1 Если используете замороженные стейки форели, разморозьте их. Брокколи помойте, разберите на соцветия. Выложите в миску.",16
85,Шаг 2 Лук натрите на мелкой тёрке добавьте к брокколи.,16
86,"Шаг 3 Насыпьте чёрный молотый перец, соль, оливковое масло, хорошо перемешайте.",16
87,"Шаг 4 Застелите противень пергаментом, выложите подготовленные соцветия брокколи и стейки форели.",16
88,"Шаг 5 Сделайте масляный соус: в миску налейте 1 ст. л. оливкового масла, добавьте 2/3 ч. л. соли, 1/6 ч. л. молотого перца, перемешайте.",16
89,Шаг 6 Смажьте стейки форели подготовленным масляным соусом. Запекайте в разогретой до 180 ℃ духовке 10 минут.,16
90,"Шаг 7 Пока запекаются рыба и брокколи, сделайте глазурь. Натрите цедру лимона на мелкой тёрке в мисочку. Всыпьте чёрный перец, оливковое масло.",16
91,"Шаг 8 Добавьте орегано, 1/3 ч. л. соли, жареный лук, соевый соус и смешайте всё.",16
92,Шаг 9 Смажьте запечённую рыбу глазурью и запекайте ещё 4-5 минут при 180 ℃.,16
93,Шаг 10 Подавайте форель с брокколи и жареным луком.,16
94,"Шаг 1 Сделайте сметанный соус. Нарежьте мелко красный лук и 2 зубчика чеснока, сложите в миску.",17
95,"Шаг 2 Добавьте паприку, соль, оливковое масло и сметану, перемешайте.",17
96,Шаг 3 Репчатый лук нарежьте полукольцами.,17
97,"Шаг 4 Перец очистите от семян, удалите плодоножку, нарежьте мякоть полосками.",17
98,"Шаг 5 Разогрейте сковороду с 2-3 ст. ложками масла, выложите лук и чеснок и готовьте на среднем огне до золотистого цвета (примерно 3-5 минут).",17
99,Шаг 6 Добавьте болгарский перец и готовьте ещё 3-5 минут.,17
100,"Шаг 7 При необходимости добавьте немного масла. Посолите. Добавьте сушёный укроп, перемешайте, прогрейте всё вместе около минуты и снимите с огня.",17
101,Шаг 8 Застелите противень пергаментом. Выложите на него обжаренные овощи.,17
102,"Шаг 9 Сверху поместите предварительно размороженного карпа кожей вниз. На филе выложите сметанный соус, равномерно распределите.",17
103,Шаг 10 Помидор нарежьте кружочками и выложите на рыбу. Запекайте карпа в духовке в течение 25 минут при 190 °C.,17
104,Шаг 11 Подавайте карпа в сметане с картофельным пюре или отварным картофелем.,17
105,"Шаг 1 Сделайте сметанный соус. Нарежьте мелко красный лук и 2 зубчика чеснока, сложите в миску.",18
106,"Шаг 2 Добавьте паприку, соль, оливковое масло и сметану, перемешайте.",18
107,Шаг 3 Репчатый лук нарежьте полукольцами.,18
108,"Шаг 4 Перец очистите от семян, удалите плодоножку, нарежьте мякоть полосками.",18
109,"Шаг 5 Разогрейте сковороду с 2-3 ст. ложками масла, выложите лук и чеснок и готовьте на среднем огне до золотистого цвета (примерно 3-5 минут).",18
110,Шаг 6 Добавьте болгарский перец и готовьте ещё 3-5 минут.,18
111,"Шаг 7 При необходимости добавьте немного масла. Посолите. Добавьте сушёный укроп, перемешайте, прогрейте всё вместе около минуты и снимите с огня.",18
112,Шаг 8 Застелите противень пергаментом. Выложите на него обжаренные овощи.,18
113,"Шаг 9 Сверху поместите предварительно размороженного карпа кожей вниз. На филе выложите сметанный соус, равномерно распределите.",18
114,Шаг 10 Помидор нарежьте кружочками и выложите на рыбу. Запекайте карпа в духовке в течение 25 минут при 190 °C.,18
115,Шаг 11 Подавайте карпа в сметане с картофельным пюре или отварным картофелем.,18
116,Шаг 1 Смешайте молоко и минералку в большой миске.,19
117,"Шаг 2 Разбейте яйца, добавьте растительное масло и разболтайте венчиком.",19
118,"Шаг 3 Добавьте соль, сахар и муку. Если тесто густовато, добавьте ещё минералки.",19
119,Шаг 4 Жарьте блины на горячей сковороде с небольшим количеством растительного масла. ,19
120,"Шаг 5 Складывайте блины стопкой или конвертиками, промазывая сливочным маслом. ",19
121,Шаг 1 Творог выложите в миску. Отделите белки от желтков и добавьте белки. Перемешайте.,20
122,"Шаг 2 Добавьте соль, сахар  и 1 ст. ложку муки, перемешайте.",20
123,Шаг 3 Сформируйте сырники и обваляйте их в муке.,20
124,Шаг 4 Выложите на застеленный пергаментом противень.,20
125,"Шаг 5 Поставьте сырники в разогретую до 200 °C духовку на 7 минут, затем убавьте температуру до 180 °C и запекайте ещё 5 минут.",20
126,Шаг 6 Готовые сырники можно подать со свежими ягодами и овсяным сиропом или мёдом.,20
127,Шаг 1 Взбейте яйцо с сахаром и солью.,21
128,Шаг 2 Добавьте творог и хорошо перемешайте.,21
129,Шаг 3 Муку насыпьте в тарелку. Сформируйте из творожной смеси шарики (удобно делать это с помощью двух ложек) и переложите в муку.,21
130,Шаг 4 Аккуратно обваляйте сырники со всех сторон.,21
131,Шаг 5 Обжарьте на растительном или топлёном масле на горячей сковороде с одной стороны.,21
132,"Шаг 6 Затем аккуратно переверните, убавьте огонь и накройте крышкой.",21
133,Шаг 7 Доведите до готовности на небольшом огне (около 10 минут).,21
134,"Шаг 1 Для ленивых вареников лучше подойдёт однородный творог в мягких пачках. Если у вас творог с крупинками, то желательно протереть его через сито при помощи ложки.",22
135,"Шаг 2 В миске смешайте творог, яйцо, 1 ст. ложку сахара и соль, интенсивно перемешайте до однородности.",22
136,"Шаг 3 Добавьте 1 ст. ложку муки и замешивайте, пока творог не соберётся в середине миски.",22
137,Шаг 4 Посыпьте доску мукой. Из творога скатайте тонкую колбаску и порежьте по диагонали небольшими кусочками.,22
138,"Шаг 5 Вскипятите подсоленную воду и кидайте вареники по одному. Отварите в кипящей воде до готовности, пока не всплывут.",22
139,"Шаг 6 Готовые вареники выньте при помощи шумовки, давая стечь воде, разложите по тарелкам, сверху положите сметану и ягоды вишни.",22
140,"Шаг 1 Яйца отварите всмятку (4 минуты после закипания), остудите под холодной водой, очистите от скорлупы.",23
141,"Шаг 2 Авокадо разрежьте пополам, удалите косточку и кожуру, аккуратно нарежьте ломтиками мякоть, смажьте лимонным соком.",23
142,Шаг 3 Томаты нарежьте мелким кубиком.,23
143,"Шаг 4 Тосты (можно подогреть в тостере) намажьте творожным сыром, сверху разложите ломтики авокадо, нарезанный кубиком томат и половинки варёных яиц. Посолите, посыпьте перцем и кунжутом.",23
144,"Шаг 1 Нарежьте мясо, сыр и томат кружочками.",24
145,"Шаг 2 На ломтик хлеба положите сыр, затем помидор, курицу и снова сыр. Накройте вторым кусочком хлеба.",24
146,"Шаг 3 Лучше всего запекать такой тост в ростере, электрическом гриле или вафельнице. Но можно приготовить и на сухой сковороде при небольшом нагреве. В таком случае придется чаще переворачивать и придавливать лопаткой, чтобы тосты не получились высокими. Готовьте до расплавления сыра.",24
147,Шаг 1 Яйца разбейте и отделите белки от желтков.,25
148,"Шаг 2 Желтки взбейте в пену. Добавьте муку и разрыхлитель, тщательно размешайте (можно миксером).",25
149,"Шаг 3 Добавьте кефир и яблоки, тщательно перемешайте.",25
150,"Шаг 4 Взбейте белки до мягких пиков, аккуратно вмешайте их в тесто ложкой или лопаточкой.",25
151,"Шаг 5 Перед выпечкой дайте тесту постоять 15-20 минут. Обязательно хорошо разогрейте вафельницу, затем слегка убавьте температуру и смажьте нагреваемую поверхность маслом. Пеките вафли, выкладывая тесто ложкой.",25
152,Шаг 1 Помойте овощи и фрукты. Морковь почистите и нарежьте небольшими шайбочками. Положите в кувшин блендера.,26
153,Шаг 2 Стебли сельдерея очистите от прожилок и нарежьте на несколько частей. Также положите в блендер.,26
154,Шаг 3 Всыпьте в кувшин блендера семена чиа и налейте воду.,26
155,"Шаг 4 Яблоки очистите от семян и нарежьте дольками, добавьте к остальным ингредиентам.",26
156,Шаг 5 Измельчите всё вместе блендером до однородности.,26
157,"Шаг 6 Добавьте греческий йогурт и снова пробейте до однородности. Смузи готов, пить его нужно сразу после приготовления.",26
158,"Шаг 1 В блендер положите банан, хлопья и йогурт. Пробейте до однородности.",27
159,"Шаг 2 Перелейте в стакан, добавьте сироп по вкусу.",27
160,"Шаг 1 Сложите в блендер творог, чернику, мяту и молоко.",28
161,Шаг 2 Пробейте до однородности.,28
162,Шаг 3 Перелейте смузи в стаканы и украсьте мятой.,28
163,Шаг 1 Насыпьте в термостойкий кувшин порошок матча.,29
164,"Шаг 2 Залейте горячей водой. Хорошо перемешайте венчиком до образования пены, так лучше раскрывается вкус матча.",29
165,Шаг 3 Добавьте мёд по вкусу.,29
166,Шаг 4 Налейте молоко и снова перемешайте до однородности.,29
167,Шаг 5 Наполните стакан льдом и налейте в него подготовленный напиток. ,29
168,"Шаг 1 Отварите свёклу, если взяли для смузи сырую. Нарежьте её кусочками и положите в кувшин блендера. Можно добавить свекольный сок из упаковки, если вы купили уже варёную свёклу.",30
169,"Шаг 2 Сельдерей помойте, обсушите, очистите от волокон при желании. Разрежьте на несколько частей и положите к свёкле.",30
170,Шаг 3 Шпинат помойте и обсушите. Добавьте к остальным ингредиентам.,30
171,Шаг 4 Всыпьте в блендер семена льна.,30
172,Шаг 5 Налейте томатный сок.,30
173,Шаг 6 Измельчите все ингредиенты до однородности.,30
174,"Шаг 1 Морковь почистите, нарежьте произвольно. Сельдерей и петрушку нарежьте.",31
175,Шаг 2 В чашу блендера сложите овощи и залейте сначала небольшим количеством воды.,31
176,"Шаг 3 Пробейте до однородности, затем долейте оставшуюся воду и ещё раз тщательно всё измельчите.",31
177,Шаг 4 По желанию добавьте лимонный сок.,31
178,"Шаг 1 Молоко вылейте в сотейник, добавьте кусочки шоколада и нагревайте, пока он не растопится. Можно также сделать это в микроволновке.",32
179,Шаг 2 Дайте смеси остыть.,32
180,"Шаг 3 Перелейте в блендер, добавьте пломбир и по желанию лёд. Пробейте до однородности.",32
181,"Шаг 4 Готовый коктейль можно украсить шоколадной стружкой, свежими ягодами или мятой.",32
182,"Шаг 1 Клубнику помойте, обсушите, удалите хвостики.",33
183,"Шаг 2 Сложите в блендер клубнику, добавьте молоко и мороженое.",33
184,Шаг 3 Пробейте до однородности.,33
185,Шаг 1 Насыпьте рис в мисочку и промойте его. Слейте воду и положите крупу в чашу мультиварки.,34
186,Шаг 2 Налейте в чашу молоко.,34
187,Шаг 3 Добавьте воду.,34
188,Шаг 4 Насыпьте сахар и соль. Перемешайте.,34
189,Шаг 5 Добавьте масло.,34
190,"Шаг 6 Поставьте чашу в мультиварку, установите программу «Каша» и время приготовления 35-40 минут. ",34
191,Шаг 1 Сыр сулугуни нарежьте на ломтики.,35
192,"Шаг 2 Разогрейте сковороду, положите сливочное масло, налейте немного растительного (это нужно для того, чтобы сливочное масло не горело). Разбейте в сковороду яйца. Жарьте до готовности глазуньи в течение примерно 3-5 минут. Посолите, поперчите по вкусу.",35
193,Шаг 3 На другой сковороде пожарьте сыр. Масло при этом добавлять не нужно.,35
194,Шаг 4 Разрежьте круассаны вдоль. Выложите на каждый по 2 ломтика сыра.,35
195,"Шаг 5 Выложите по 2 яйца на сыр, сверху — ломтики слабосолёной форели. ",35
196,"Шаг 1 Мини-булочки разрежьте вдоль, чтобы получилась глубокая нижняя часть и небольшая крышечка.",36
197,"Шаг 2 Из нижней части выньте немного мякиша, сделав тем самым углубление для начинки.",36
198,Шаг 3 Сыр натрите.,36
199,Шаг 4 Положите в булочки листья шпината и сыр. Аккуратно разбейте по яйцу в каждую булочку.,36
200,Шаг 5 Разогрейте духовку до 180 °C и поставьте в неё противень с булочками. Запекайте около 10-12 минут до готовности. Крышечки подпеките рядом на том же противне.,36
201,"Шаг 1 Нарежьте красный сладкий перец, репчатый лук, чеснок и помидоры мелкими кубиками.",37
202,Шаг 2 В сковороде с толстым дном (лучше чугунной) разогрейте масло и обжарьте лук до прозрачности. Добавьте мелко нарезанный чеснок и ещё минуту обжаривайте всё вместе.,37
203,"Шаг 3 Добавьте все специи, включая соль и сахар, и прогрейте ещё 1-2 минуты.",37
204,"Шаг 4 Добавьте в сковороду красный перец, обжарьте ещё 2 минуты.",37
205,"Шаг 5 Добавьте томатную пасту, а через минуту-две — помидоры. Влейте полстакана воды и тушите, соус должен стать однородным. Не забывайте помешивать блюдо, чтобы соус не пригорел.",37
206,"Шаг 6 Большой столовой ложкой сделайте в овощной массе 4 углубления и разбейте в каждое яйцо, посолите. Жарьте под крышкой до желаемой степени готовности яиц. Подавайте шакшуку горячей, посыпав рубленой петрушкой.",37
207,"Шаг 1 Моцареллу измельчите на тёрке, гауду нарежьте ломтиками. Маринованные огурчики нарежьте колечками.",38
208,"Шаг 2 На противень, застеленный пергаментом, положите два ломтика хлеба.",38
209,"Шаг 3 На каждый выложите тёртую моцареллу, сверху добавьте немного горчицы.",38
210,"Шаг 4 Выложите ветчину поверх сыра, добавьте кружочки огурца и ломтики гауды. Посыпьте моцареллой.",38
211,Шаг 5 Прижмите вторым куском хлеба и добавьте ещё немного тёртой моцареллы. У вас должно получиться два многослойных бутерброда.,38
212,Шаг 6 Поставьте запекаться в горячую духовку при 200 °C на 5-7 минут до расплавления сыра.,38
213,"Шаг 7 Пока тосты пекутся, быстро поджарьте две глазуньи на сковороде.",38
214,Шаг 8 Выложите яичницы на горячие тосты.,38
215,"Шаг 1 Высыпьте овсяные хлопья в чашу кухонного комбайна или блендера. Банан почистите, поломайте на кусочки и добавьте к овсянке.",39
216,"Шаг 2 Налейте туда же мед, миндальное молоко, добавьте сливочное масло комнатной температуры, соду, разрыхлитель и соль. Измельчите всё вместе до однородности.",39
217,Шаг 3 Смажьте маслом формы для запекания. На дно каждой выложите по 50 г шоколада и около по 30 г черники.,39
218,Шаг 4 Залейте шоколад и ягоды овсяной смесью.,39
219,Шаг 5 Запекайте в духовке при 180 °C до румяности примерно 30 минут. Подавайте овсяную запеканку горячей.,39
220,Шаг 1 Яйца разбейте в миску.,40
221,"Шаг 2 Добавьте молоко, просейте муку с разрыхлителем и солью, смешайте венчиком до однородности.",40
222,"Шаг 3 Растопите сливочное масло. Дайте немного остыть и добавьте в тесто, перемешайте.",40
223,Шаг 4 Ветчину и сыр нарежьте мелкими кубиками.,40
224,"Шаг 5 Добавьте в тесто, перемешайте.",40
225,Шаг 7 Поставьте в разогретую до 180 °C духовку и запекайте кексы 20-25 минут до готовности.,40
226,"Шаг 1Муку просейте в ёмкость для смешивания, добавьте соль, сахар.",41
227,"Шаг 2 В отдельную миску вылейте кефир, разбейте яйца, смешайте венчиком.",41
228,Шаг 3 Добавьте растительное масло.,41
229,"Шаг 4 Добавьте соду к кефиру, размешайте.",41
230,"Шаг 5 Всыпьте муку с сахаром и солью, ещё раз тщательно смешайте всё венчиком.",41
231,"Шаг 6 Разогрейте блинную сковороду, перед первым блином смазав её растительным маслом. Жарьте блины на среднесильном огне.",41
232,"Шаг 7 Такие пухлые блинчики хороши со сладкими начинками, особенно с абрикосовым вареньем и сметаной.",41
233,Шаг 1 Творог разомните с одним желтком.,42
234,"Шаг 2 Добавьте щепотку соли, сахар, муку и замесите тесто для сырников.",42
235,Шаг 3 Разделите тесто на 8-9 равных частей (получатся небольшие сырнички).,42
236,"Шаг 4 Сырники удобно формировать следующим образом: сначала руками скатайте шарик, чтобы он стал плотным и однородным, затем накройте его стаканом большего диаметра и круговыми движениями поводите стаканом по доске, присыпанной мукой. Ударяясь о стенки стакана, сырник приобретёт идеальную форму и ровные края.",42
237,"Шаг 5 Перед жаркой стряхните с сырников лишнюю муку, чтобы она не начала гореть.",42
238,"Шаг 6 Обжарьте сырники до готовности. Жарить лучше на слабом огне, чтобы они не подгорели.",42
239,Шаг 7 Приготовьте заливку: сметану смешайте с сахарной пудрой и яйцом.,42
240,"Шаг 8 Вылейте заливку в форму для запекания и поверх неё выложите сырники. Поставьте в духовку, разогретую до 190 °C, на 15 минут.",42
241,"Шаг 1 Рис промойте, залейте молоком, добавьте сахар и ванилин, доведите до кипения и варите на слабом огне около 40 минут периодически помешивая.",43
242,"Шаг 2 Готовую кашу остудите до комнатной температуры, разомните вилкой. Ягоды вишни разрежьте на половинки, удалите косточки.",43
243,"Шаг 3 Хорошо охлажденные сливки взбейте при помощи миксера, вылейте в кашу и хорошо размешайте, разложите мусс по креманкам, сверху выложите вишню, подавайте!",43
244,Шаг 1 Взбейте сахар с яйцами в пышную пену.,44
245,Шаг 2 Затем добавьте творог и взбивайте до однородности.,44
246,"Шаг 3 Добавьте в тесто манку и соль, перемешайте и оставьте на 20 минут для набухания манки.",44
247,"Шаг 4 Выложите тесто в форму, смазанную маслом. Грушу нарежьте тонкими ломтиками и слегка вдавите в тесто, выложив поверх.",44
248,"Шаг 5 Поставьте запеканку в разогретую до 180 °C духовку и запекайте около 30 минут до зарумянивания. Проверьте шпажкой готовность. Такая запеканка вкусна как в горячем, так и в остывшем виде.",44
249,"Шаг 1 Налейте в небольшую кастрюлю 1 ст. л. оливкового масла. Лук и чеснок почистите, нарежьте кусочками среднего размера. Обжаривайте всё вместе почти до готовности 3-5 минут.",45
250,"Шаг 2 Насыпьте орегано, сушёный базилик, сахар, посолите. По желанию добавьте также острый перец и/или паприку.",45
251,"Шаг 3 Выложите в кастрюлю томаты, по желанию добавьте 100 мл воды. Варите 5-10 минут.",45
252,Шаг 4 Багет нарежьте тонкими ломтиками и выложите на застеленный пергаментом противень. Слегка полейте оливковым маслом.,45
253,Шаг 5 Сыр натрите на крупной тёрке.,45
254,Шаг 6 Выложите сыр на ломтики багета и запеките в разогретой до 220 ℃ духовке в течение 5 минут.,45
255,"Шаг 7 Пробейте готовый суп блендером до однородности. Подавайте с сырными гренками, украсив свежей зеленью.",45
256,"Шаг 1 Тыкву нарежьте некрупными кубиками, перец очистите от семян и плодоножки. Перцы и томаты нарежьте половинками. Лук очистите и нарежьте крупно на 5-6 частей.",46
257,"Шаг 2 Выложите овощи в форму для запекания. Лучше выстелить дно фольгой или пергаментом, так как овощи дадут сок, который понадобится в супе, и нужно его сохранить. Приправьте овощи солью, перцем, базиликом, мускатным орехом и оливковым маслом и поставьте в духовку, разогретую до 200°C, на 20 минут.",46
258,Шаг 3 Приготовьте овощной бульон из приправы универсальной – залейте столовую ложку приправы кипятком (понадобится примерно 400 мл).,46
259,Шаг 4 Через 20 минут запекания овощей добавьте к ним очищенные зубчики чеснока и запекайте ещё 5 минут.,46
260,"Шаг 5 Готовые овощи аккуратно переложите в стакан блендера, туда же соберите весь сок, приправы и масло из формы для запекания. Добавьте постепенно бульон, сначала примерно 300 мл. Пробейте блендером и оцените консистенцию супа, она должна быть шелковистой и густой, как суп-пюре. Если нужно, добавьте ещё бульона, можно также влить немного оливкового масла. При необходимости досолите на этом этапе.",46
261,"Шаг 5 Готовые овощи аккуратно переложите в стакан блендера, туда же соберите весь сок, приправы и масло из формы для запекания. Добавьте постепенно бульон, сначала примерно 300 мл. Пробейте блендером и оцените консистенцию супа, она должна быть шелковистой и густой, как суп-пюре. Если нужно, добавьте ещё бульона, можно также влить немного оливкового масла. При необходимости досолите на этом этапе.",46
262,"Шаг 1 Морковь измельчите на крупной тёрке, лук нарежьте, чеснок пропустите через пресс или нарежьте очень мелко.",47
263,"Шаг 2 В кастрюле с толстым дном разогрейте оливковое масло и обжарьте все нарезанные овощи в течение 5-7 минут, затем влейте 2 литра холодной воды. Когда вода закипит, добавьте фасоль и нарезанные кубиком томаты.",47
264,Шаг 3 Картофель нарежьте кубиками 1х1 см и добавьте в кастрюлю. Посолите и поперчите по вкусу.,47
265,"Шаг 4 Суп готов, когда картофель полностью сварится. По желанию добавьте воды, чтобы отрегулировать густоту.",47
266,"Шаг 1 Разморозьте морепродукты и бульон, если используете замороженный. Налейте бульон в кастрюлю. Помимо куриного, можно использовать креветочный бульон, рыбный или простую воду.",48
267,Шаг 2 Добавьте грибы шиитаке и пасту том ям.,48
268,"Шаг 3 Положите в кастрюлю один целый стебль лемонграсса и один нарезанный. Добавьте 4 листа каффира-лайма, корень галангала (весь из набора, по желанию можно нарезать), морепродукты.",48
269,Шаг 4 Налейте кокосовое молоко.,48
270,Шаг 5 Выдавите сок половины лайма или по вкусу. Доведите всё вместе до кипения на среднем огне и прогрейте ещё примерно 2 минуты. Можно добавить перец чили по вкусу.,48
271,"Шаг 6 Подавайте суп с варёным рисом, украсив кинзой и при желании половинками помидоров черри.",48
272,"Шаг 1 В большую кастрюлю налейте воду, добавьте суповые кости. Доведите до кипения и варите на среднем огне 1,5 часа, снимая пенку.",49
273,"Шаг 2 Очистите имбирь, лук и морковь. Разрежьте морковь и имбирь вдоль. Выложите ингредиенты на сухую разогретую сковороду и готовьте до обугливания около 10 минут. Добавьте в бульон, обильно посолите и влейте воду взамен той, которая выпарилась.",49
274,"Шаг 3 Через 1,5 часа добавьте специи: гвоздику и анис. Подлейте воды. Обильно посолите, добавьте рыбный соус и готовьте на медленном огне ещё 1,5 часа. Готовый бульон процедите.",49
275,"Шаг 4 Мясо нарежьте тонкими слайсами. Отлейте часть готового бульона в сотейник, доведите до кипения и обварите мясо до полуготовности. Оно дойдёт в горячем Фо Бо.",49
276,"Шаг 5 Промойте лапшу. Варите в кипящей воде около 6 минут, затем слейте жидкость и промойте.",49
277,"Шаг 6 В миску для супа выложите нарезанный лук, кинзу, перья зелёного лука, кусочек имбиря.",49
278,"Шаг 7 Залейте горячим бульоном, добавьте 150 г лапши и 150 г мяса в каждую порцию. Дополнительно сверху выложите проростки фасоли.",49
279,"Шаг 1 Лук и чеснок почистите, нарежьте произвольно крупными кусочками.",50
280,"Шаг 2 Разогрейте кастрюлю с оливковым маслом. Выложите в неё лук и чеснок и готовьте, периодически помешивая, примерно 5 минут на среднем огне.",50
281,"Шаг 3 Тыкву помойте и почистите, удалите семечки. Нарежьте мякоть кубиками размером примерно 2х2 см.",50
282,"Шаг 4 Выложите в кастрюлю к луку с чесноком и готовьте ещё 5 минут, периодически помешивая.",50
283,"Шаг 5 Добавьте к овощам куркуму и соль, перемешайте. Налейте в кастрюлю воду и готовьте до размягчения тыквы (примерно 20 минут).",50
284,Шаг 6 Готовые овощи измельчите блендером до однородности.,50
285,"Шаг 7 Добавьте 100-200 г сливок — точное количество зависит от консистенции супа, которую вы любите. Поперчите по вкусу, перемешайте и прогрейте всё вместе пару минут.",50
286,"Шаг 8 Разлейте суп по тарелкам, украсьте тыквенными семечками, свежим тимьяном и по желанию сливками.",50
287,"Шаг 1 Мякоть манго и имбиря отправьте в блендер, добавьте мёд, специи и полстакана воды.",51
288,Шаг 2 Пробейте всё до однорожности.,51
289,Шаг 3 Получившуюся смесь процедите через мелкое сито.,51
290,"Шаг 4 Разлейте суп по тарелкам, добавьте ложку сливочного сыра, полейте мёдом, припорошите корицей и паприкой, украсьте миндальными лепестками (по желанию).",51
291,"Шаг 1 Кабачки помойте, отрежьте плодоножки и нарежьте кружочками. Картофель помойте и почистите, нарежьте брусочками. Чеснок почистите и нарежьте крупно. Кстати, для этого рецепта можно взять кабачки и картофель в соотношении 2:1.",52
292,"Шаг 2 Разогрейте кастрюлю с 1 ст. ложкой растительного масла, выложите в неё кабачки, картофель и чеснок. Готовьте 5 минут на среднем огне, периодически помешивая.",52
293,Шаг 3 Налейте в кастрюлю 200 мл воды и готовьте примерно 20 минут до мягкости овощей.,52
294,"Шаг 4 Когда овощи будут готовы, измельчите суп блендером. Посолите, поперчите по вкусу. При необходимости доведите суп до нужной консистенции кипятком и прогрейте всё вместе 3-5 минут.",52
295,"Шаг 5 Листья базилика помойте, обсушите и выложите в чашу блендера. Налейте оливковое масло и измельчите до однородности. Процедите получившийся соус через сито, чтобы получилось зелёное масло. Чтобы цвет масла был более насыщенным, можно добавить к базилику немного любой нейтральной по вкусу зелени — например, петрушку, шпинат.",52
296,"Шаг 6 Разлейте суп по тарелкам, полейте зелёным маслом, украсьте сухариками и подавайте.",52
297,"Шаг 1 Горох тщательно промойте. Можно замочить горох заранее, оставив при комнатной температуре на 6-8 часов или залив кипятком на 1-2 часа.",53
298,"Шаг 2 Бекон нарежьте небольшими кусочками и обжарьте на сухой сковороде или в кастрюле, в которой будете варить суп, чтобы вытопить жир. Добавьте рёбра и обжарьте их до корочки.",53
299,"Шаг 3 Лук и морковь очистите и нарежьте кубиками, чеснок очистите и измельчите, добавьте в сковороду (кастрюлю).",53
300,"Шаг 4 Колбаски нарежьте кусочками, добавьте в кастрюлю (туда же переложите всё, что вы обжаривали на сковороде, если использовали её). Сразу всыпьте промытый горох, залейте 4 литрами воды и варите около 40 минут.",53
301,"Шаг 5 Когда горох почти сварится, добавьте нарезанный кубиками картофель и лавровый лист.",53
302,"Шаг 6 Варите до готовности картофеля. Затем посолите и поперчите. Подавайте, посыпав зеленью.",53
303,Шаг 1 Перловку предварительно замочите в воде на несколько часов или на ночь. Перед закладкой в рассольник слейте воду и промойте крупу.,54
304,"Шаг 2 Лук и морковь очистите. Лук нарежьте кубиками, морковь измельчите на терке. Мясо нарежьте крупными кубиками.",54
305,"Шаг 3 Обжарьте в кастрюле мясо, морковь и лук на растительном масле на среднем огне.",54
306,"Шаг 4 Добавьте в кастрюлю перловку, залейте 3 литрами воды. Доведите до кипения, убавьте огонь и варите около 20 минут.",54
307,Шаг 5 Картофель очистите и нарежьте мелкими кубиками. Добавьте в суп и варите до готовности картофеля (около 15-20 минут).,54
308,"Шаг 6 Огурцы нарежьте мелкими кубиками. Добавьте в суп огурцы и томатную пасту, перемешайте, при необходимости посолите и поперчите суп. Доведите до кипения, проварите ещё 5 минут и снимите суп с огня",54
309,Шаг 1 Лук очистите и нарежьте кубиками. Говядину обжарьте на растительном масле прямо в кастрюле. Добавьте лук и спассеруйте до прозрачности.,55
310,"Шаг 2 Добавьте всё содержимое банки с томатами (сами томаты предварительно разомните вилкой), соль и специи. Если есть хмели-сунели, непременно тоже положите. Влейте 3-3,5 литра воды, доведите до кипения и варите 40-45 минут.",55
311,"Шаг 3 Рис всыпьте в суп, добавьте ткемали и варите до готовности риса (около 20 минут).",55
312,Шаг 4 Орехи пробейте в блендере вместе с чесноком и ложкой лимонного сока. На этом этапе можно добавить ещё немного хмели-сунели для баланса вкуса.,55
313,"Шаг 5 Попробуйте, при необходимости досолите, добавьте чуть-чуть сахара или лимонного сока. Всыпьте молотые грецкие орехи, прогрейте ещё 5 минут. При подаче добавьте рубленую кинзу.",55
314,Шаг 1 Лук и морковь очистите и нарежьте кубиками.,56
315,"Шаг 2 В кастрюле разогрейте масло, обжарьте овощи до золотистости, всыпьте специи, перемешайте, всыпьте промытую чечевицу и залейте водой и томатной пастой, варите до готовности чечевицы. Отложите часть чечевицы.",56
316,"Шаг 3 В кастрюлю добавьте чеснок и измельчите суп блендером, посолите по вкусу. Верните отложенную чечевицу в кастрюлю и прогрейте суп еще минуту. Готово! Подавайте, посыпав зеленью.",56
317,Шаг 1 Все ингредиенты мелко режем и складываем в кастрюлю.,57
318,"Шаг 2 Петрушку и мяту растираем с солью в ступке, добавляем к овощам.",57
319,Шаг 3 Заливаем все кефиром и добавляем  воду. Перемешиваем и можно разливать по тарелкам.,57
320,"Шаг 1 Смесь бобовых замочите в холодной воде на несколько часов. Этот шаг можно пропустить, но замачивание помогает бобовым быстрее вариться и лучше усваиваться организмом.",58
321,"Шаг 2 Лук и морковь нарежьте средними кубиками, чеснок измельчите. Из зубчиков чеснока удалите предварительно сердцевину (если у вас молодой чеснок, делать это не нужно).",58
322,"Шаг 3 Обжарьте овощи на растительном масле, добавьте томатную пасту и куркуму (соль на этом этапе добавлять не нужно!), перемешайте и прогрейте пару минут.",58
323,Шаг 4 Затем всыпьте промытую смесь бобовых и залейте 3 литрами воды.,58
324,"Шаг 5 Доведите до кипения, убавьте огонь и варите суп примерно 40 минут.",58
325,"Шаг 6 Очистите картофель и нарежьте кубиками, добавьте в суп. Варите ещё около 20 минут, в конце посолите по вкусу.",58
326,Шаг 7 Подавайте суп горячим со свежей зеленью и хлебом.,58
327,Шаг 1 Грибы залейте кипятком и оставьте на 30 минут.,59
328,Шаг 2 Лук почистите и мелко нарежьте. Морковь почистите и измельчите на крупной тёрке. Чеснок почистите и мелко нарежьте.,59
329,"Шаг 3 В кастрюлю налейте растительное масло, положите подготовленные лук, морковь и чеснок. Готовьте, периодически помешивая, на среднем огне до золотистого цвета.",59
330,"Шаг 4 Затем добавьте к овощам булгур (промывать не надо), всыпьте сухой бульон и налейте воду. Доведите до кипения и продолжайте варить на среднем огне.",59
331,"Шаг 5 С грибов слейте воду. Аккуратно вылейте её в суп, но не до конца: если вдруг в грибах был мелкий мусор, чтобы он остался в мисочке/ковшике.",59
332,"Шаг 6 Картофель почистите и нарежьте кубиками, добавьте в суп.",59
333,Шаг 7 Грибы мелко нарежьте.,59
334,"Шаг 8 Добавьте в суп, уменьшите огонь до минимума и томите около 20 минут.",59
335,Шаг 9 Подавайте грибной суп со сметаной и мелко нарезанным укропом.,59
336,Шаг 1 Разморозьте тесто согласно инструкции на упаковке. Сыр измельчите на крупной тёрке.,60
337,Шаг 2 Добавьте сметану и перемешайте до однородности.,60
338,Шаг 3 Немного припылите рабочую поверхность мукой. Раскатайте тесто в круг.,60
339,Шаг 4 Выложите на него половину начинки.,60
340,"Шаг 5 Защипните края, собрав их к центру лепёшки, и хорошо закрепите. Начинку не должно быть видно.",60
341,Шаг 6 Положите заготовку на пергамент для выпечки защипами вниз и скалкой раскатайте в круглую лепёшку.,60
342,"Шаг 7 Выложите хачапури на пергаменте на противень, сверху равномерно распределите оставшуюся начинку. Выпекайте в разогретой до 180 ℃ духовке 35-40 минут. При подаче смажьте хачапури сливочным маслом.",60
343,"Шаг 1 Если используете не оставшуюся после праздника индейку, а запекаете её специально, возьмите филе бедра — оно сочнее. Разогрейте духовку до 170 °C. Смажьте филе небольшим количеством растительного масла и положите в рукав для запекания или выложите на застеленный пергаментом противень. Запекайте индейку в разогретой до 170 °C духовке в течение 35-45 минут до готовности.",61
344,Шаг 2 В отдельной мисочке смешайте соус чипотле и растительное масло.,61
345,"Шаг 3 У огурцов срежьте плодоножки, нарежьте овощи соломкой. Выложите в миску.",61
346,Шаг 4 Запеченную индейку нарежьте соломкой и положите в миску с огурцом.,61
347,Шаг 5 Слейте жидкость из банки с фасолью и добавьте бобы в миску.,61
348,Шаг 6 Каперсы разрежьте на четвертинки. Добавьте к остальным ингредиентам. Также положите салатный микс.,61
349,Шаг 7 Заправьте салат и перемешайте. При подаче украсьте целыми каперсами.,61
350,Шаг 1 Перец заверните в фольгу и запеките при 180 °C в течение 20 минут. Затем выключите духовку и оставьте в ней перец ещё на 5 минут.,62
351,Шаг 2 Сделайте заправку. Выложите в миску горчицу и налейте оливковое масло. Добавьте сок лимона и сливки. Перемешайте.,62
352,"Шаг 3 Кинзу помойте, просушите и мелко порубите. Добавьте в заправку и перемешайте.",62
353,Шаг 4 Куриное филе нарежьте тонкой соломкой. У огурца срежьте плодоножки и также нарежьте тонкой соломкой.,62
354,Шаг 5 У авокадо удалите косточку. С помощью ложки аккуратно выньте мякоть от кожуры и нарежьте тонкими ломтиками.,62
355,"Шаг 6 У запечённого перца снимите кожицу, срежьте плодоножку. Очистите мякоть от семян и нарежьте тонкой соломкой. Сыр фета нарежьте кубиками.",62
356,Шаг 7 Салат романо помойте и обсушите. Нарежьте крупно. Смешайте с подготовленной ранее заправкой.,62
357,"Шаг 8 Выложите листья салата с заправкой на тарелку. Сверху положите курицу, авокадо, огурец и перец, полейте заправкой. При подаче украсьте свежей кинзой.",62
358,Шаг 1 Капусту нашинкуйте и положите в глубокую миску.,63
359,"Шаг 2 Добавьте соль, помните капусту руками и перемешайте — это нужно, чтобы она стала мягче и сочнее.",63
360,Шаг 3 Редис нарежьте тонкими ломтиками и добавьте к капусте.,63
361,"Шаг 4 У огурцов удалите плодоножки и нарежьте ломтиками, как редиску.",63
362,Шаг 5 Укроп измельчите.,63
363,"Шаг 6 Добавьте огурцы и укроп к остальным ингредиентам. Всыпьте орегано и базилик, поперчите по вкусу. Налейте нерафинированное масло.",63
364,"Шаг 7 Хорошо перемешайте салат и подавайте, украсив веточкой укропа.",63
365,"Шаг 1 Лук нарежьте перьями, редис — тонкими ломтиками, укроп и петрушку — мелко. У помидоров вырежьте плодоножки, нарежьте овощи кусочками среднего размера.",64
366,Шаг 2 Налейте уксус в мисочку. Добавьте сахар. Налейте оливковое масло и хорошо перемешайте получившуюся заправку.,64
367,"Шаг 3 Положите все ингредиенты в миску, полейте заправкой. Посолите, поперчите и хорошо перемешайте. Подавайте, украсив листиками петрушки.",64
368,"Шаг 1 Заранее разморозьте филе тунца и отварите яйца вкрутую. Разогрейте сковороду с 2 ст. л. растительного масла, выложите кусочки филе тунца, обжарьте по 2-3 минуты с каждой стороны. Выложите на салфетку.",65
369,Шаг 2 10 яиц почистите и разрежьте пополам. С оливок и маслин слейте рассол. Отварной картофель нарежьте крупными кусочками или возьмите бэби-картофель.,65
370,"Шаг 3 Разогрейте сковороду с 1-2 ст. л. растительного масла, выложите картофель и обжаривайте до золотистого цвета 5-10 минут.",65
371,"Шаг 4 Редис нарежьте тонкими ломтиками с помощью тёрки или ломтерезки. Положите в миску с водой и льдом примерно на 5-7 минут, чтобы ушла горечь, а ломтики стали упругими.",65
372,"Шаг 5 Фасоль опустите в подсоленную кипящую воду и варите 3-5 минут. Затем сразу же слейте воду, чтобы не переварить.",65
373,"Шаг 6 Помидоры черри разрежьте на половинки. Листья салата хорошо промойте, обсушите и порвите руками.",65
374,"Шаг 7 Выложите на тарелку перепелиные яйца, картофель, оливки, маслины, фасоль, каперсы, черри, листья салата, ломтики редиса и ломтики тунца. Как вариант, можете выложить все ингредиенты на листья салата.",65
375,"Шаг 8 Сделайте заправку. Для этого смешайте блендером до однородности анчоусы, 2 сырых перепелиных яйца, дижонскую горчицу, оливковое масло, сок лимона, бальзамик (по желанию) и сахар. Полейте получившейся заправкой салат и подавайте.",65
376,Шаг 1 Отделите желтки от белков. В рецепте «Цезаря» вам понадобятся только желтки.,66
377,"Шаг 2 Чеснок почистите и пропустите через пресс, добавьте к желткам. Влейте лимонный сок и разотрите всё вместе вилкой.",66
378,"Шаг 3 Положите дижонскую горчицу и, продолжая растирать будущую заправку вилкой, вливайте по чуть-чуть оливковое масло. Добавьте тёртый пармезан и снова перетрите всё вилкой.",66
379,Шаг 4 Добавьте растительное масло и соедините ингредиенты венчиком. ,66
380,Шаг 5 Листья салата романо помойте и обсушите. Порвите на кусочки и смешайте с соусом.,66
381,Шаг 6 Помидоры черри разрежьте на половинки. Куриную грудку нарежьте ломтиками.,66
382,"Шаг 7 Выложите листья салата с соусом на тарелку. Сверху поместите кусочки курицы и немного помидорок черри (оба ингредиента — по желанию). Посыпьте салат пармезаном, украсьте сухариками и подавайте «Цезарь» к столу.",66
383,"Шаг 1 Лук и чили нарежьте мелко, чеснок — соломкой. Имбирь почистите и также мелко нарежьте.",67
384,"Шаг 2 Налейте на сковороду масло, насыпьте зиру и разогрейте. Добавьте лук, чеснок, чили и жарьте до золотистого цвета в течение примерно 10 минут.",67
385,"Шаг 3 Томаты нарежьте кусочками среднего размера, добавьте к луку.",67
386,"Шаг 4 Положите сушёные листья карри, смесь специй, посолите, перемешайте и продолжайте готовить ещё 5 минут. Добавьте воду и тушите ещё примерно 10 минут до мягкости томатов.",67
387,Шаг 5 Измельчите блендером до однородности.,67
388,Шаг 6 Филе тунца нарежьте кубиками размером примерно 2 x 2 см.,67
389,"Шаг 7 Выложите в соус, готовьте примерно 10 минут.",67
390,Шаг 8 Подавайте с рисом.,67
391,"Шаг 1 Рыбу промойте, обсушите салфеткой и сложите в миску или контейнер.",68
392,"Шаг 2 Полейте стейки из сёмги соусом терияки, выдавите сок половинки лайма, посолите, добавьте кусочек острого перца и измельчённую половину кинзы.",68
393,Шаг 3 Перемешайте рыбу с маринадом и оставьте на 30 минут при комнатной температуре.,68
394,Шаг 4 Подготовьте гриль для жарки рыбы. Смажьте поверхность гриля маслом и выложите сёмгу.,68
395,"Шаг 5 Жарьте рыбу до корочки. Рыба готовится быстро, обычно ей достаточно примерно 10-15 минут, так что не передержите.",68
396,"Шаг 1 Помойте баклажаны. Разрежьте пополам и выложите на застеленный пергаментом противень. На каждой половинке сделайте ножом насечки по диагонали, посолите по вкусу, слегка смажьте оливковым маслом. Запекайте 20 минут в разогретой до 180 ℃ духовке. По желанию накройте фольгой.",69
397,"Шаг 2 Выложите в миску фарш. Посолите, поперчите по вкусу.",69
398,Шаг 3 Зелень нарежьте и добавьте в фарш.,69
399,"Шаг 4 Налейте в фарш 50-100 мл холодной воды, чтобы он стал сочнее. Хорошо перемешайте.",69
400,"Шаг 5 Достаньте из духовки запечённые баклажаны. Стараясь не повредить кожицу, аккуратно выньте ложкой мякоть, по желанию можете нарезать её. Кожицу сохраните. Добавьте мякоть баклажанов в фарш и перемешайте.",69
401,Шаг 6 Начините кожицу баклажанов полученным фаршем.,69
402,Шаг 7 Сверху выложите ломтики моцареллы и запекайте 20 минут в разогретой до 200 ℃ духовке.,69
403,Шаг 1 Шею нарежьте крупными кусками.,70
404,Шаг 2 Чеснок нарежьте кусочками среднего размера.,70
405,"Шаг 3 В большую кастрюлю налейте масло, разогрейте, выложите мясо. Через несколько минут посолите по вкусу и готовьте в общей сложности 10–15 минут до образования золотистой корочки. Периодически помешивайте.",70
406,Шаг 4 Лук нарежьте кусочками среднего размера.,70
407,"Шаг 5 В мясо добавьте душистый перец горошком, молотый чёрный перец по вкусу, лук, чеснок и лавровый лист. Готовьте ещё минут 15, периодически помешивая.",70
408,Шаг 6 Выложите в кастрюлю томаты в собственном соку вместе с соком.,70
409,"Шаг 7 Томаты помните ложкой/лопаткой прямо в кастрюле. По желанию можно добавить 1 ст. л. сахара, чтобы нейтрализовать кислоту томатов.",70
410,"Шаг 8 Тушите на медленном огне 40–45 минут. Если вдруг жидкость выкипит или вы любите более жидкий соус, добавьте немного воды.",70
411,"Шаг 1 Лук и чеснок помойте, почистите и мелко нарежьте.",71
412,"Шаг 2 В миску выложите фарш, добавьте лук, чеснок, рис, посолите, поперчите по вкусу.",71
413,"Шаг 3 Добавьте паприку и холодную воду, перемешайте.",71
414,"Шаг 4 Кабачки помойте, отрежьте плодоножки. Разрежьте каждый кабачок на несколько частей.",71
415,"Шаг 5 У каждой вырежьте сердцевину, стараясь не повредить дно «башенки».",71
416,"Шаг 6 В каждую «башенку» кабачка выложите фарш, слегка утрамбуйте.",71
417,Шаг 7 Поставьте «башенки» в форму для запекания и налейте на дно 2 ст. ложки воды. Поставьте форму с кабачками в духовку и запекайте 25-30 минут при 180 ℃.,71
418,"Шаг 8 Сыр измельчите на крупной тёрке. Достаньте форму, посыпьте кабачки сыром и поставьте в духовку ещё на 6-7 минут.",71
419,"Шаг 1 Сливочное масло выложите из холодильника примерно за 15 минут до приготовления, чтобы размягчилось. Выложите фарш в миску. Петрушку помойте и обсушите, чеснок почистите. Мелко порубите петрушку и чеснок, добавьте в миску с фаршем. Насыпьте туда же панировочные сухари.",72
420,"Шаг 2 Посолите, поперчите и налейте молоко.",72
421,Шаг 3 Добавьте размягчённое сливочное масло. Перемешайте до соединения компонентов.,72
422,Шаг 4 Лук почистите и нарежьте тонкими полукольцами. Положите лук в стакан блендера и измельчите до однородности. Переложите в миску.,72
423,"Шаг 5 Добавьте к луку сливки, томатную пасту, дижонскую горчицу, соль и перец. Перемешайте.",72
424,"Шаг 6 Сыр натрите на крупной тёрке, добавьте в соус и перемешайте.",72
425,Шаг 7 Влажными руками с помощью столовой ложки сформуйте из фарша фрикадельки диаметром примерно 5 см. Выложите в форму для запекания.,72
426,Шаг 8 Залейте колобки соусом. Закройте форму фольгой в 2 слоя и запекайте в разогретой до 180 °C духовке 10 минут. Затем снимите фольгу и запекайте ещё 5 минут.,72
427,"Шаг 1 Поставьте вариться рис. Для этого вскипятите воду в большой кастрюле, посолите из расчёта 0,5 ч. ложки соли на 1 л воды, засыпьте 200 г сухого риса и варите 20 минут.",73
428,"Шаг 2 По окончании варки крупу откиньте на дуршлаг, чтобы стекла вода. Затем добавьте в ещё горячий рис 1-1,5 ч. ложки кунжутного масла, перемешайте.",73
429,Шаг 3 Лук нарежьте перьями. Корень имбиря и чеснок почистите и нарежьте мелко. Чили очистите от семян и также нарежьте мелко.,73
430,"Шаг 4 В мисочке смешайте мёд, винный уксус, сок лайма, нарезанные имбирь и чеснок, соевый соус.",73
431,Шаг 5 Курицу нарежьте крупными кусочками.,73
432,"Шаг 6 Выложите птицу в подготовленный маринад, добавьте лук, перемешайте и оставьте на 25-30 минут.",73
433,"Шаг 7 Разогрейте сковороду с 1 ст. ложкой кунжутного или другого растительного масла. Выложите курицу с луком и готовьте 10-15 минут, периодически помешивая.",73
434,"Шаг 8 В мисочку налейте 2 ст. ложки холодной воды, добавьте 1 ч. ложку крахмала и смешайте до однородности. Кинзу мелко нарежьте. Добавьте разведённый крахмал и кинзу в курицу, перемешайте и готовьте всё вместе ещё 5 минут.",73
435,"Шаг 9 Разложите рис по тарелкам, сверху — курицу. Посыпьте мелко нарезанной свежей кинзой и кунжутом.",73
436,"Шаг 1 Морковь помойте, почистите и измельчите на тёрке соломкой. Репчатый лук почистите и нарежьте перьями. Грибы протрите салфеткой или промойте, потом обязательно обсушив. Нарежьте грибы пластинами.",74
437,Шаг 2 Разогрейте сковороду с двумя видами масел. Выложите лук и готовьте 2 минуты.,74
438,"Шаг 3 Налейте 1-2 столовые ложки соевого соуса, перемешайте. Добавьте морковь и готовьте ещё 2 минуты.",74
439,"Шаг 4 Добавьте грибы, перемешайте. Мелко нарежьте чеснок и также добавьте на сковороду.",74
440,"Шаг 5 Мелко нарежьте кинзу и зелёный лук. Добавьте зелень к грибам с овощами, влейте 1 ст. ложку соуса терияки, перемешайте и готовьте на среднем огне ещё примерно 7-10 минут, периодически помешивая.",74
441,Шаг 6 Фунчозу залейте кипятком и оставьте на 3-5 минут до размягчения.,74
442,Шаг 7 Аккуратно достаньте из воды щипцами или просто слейте воду.,74
443,"Шаг 8 Разложите фунчозу по тарелкам, сверху выложите грибы с овощами. Посыпьте кунжутом и добавьте ещё немного терияки при подаче. Украсьте перышком зелёного лука и листиком кинзы.",74
